Temperature(C),Humidity(%),Pressure(Pa),Counts_0.3um(#/0.1L),Counts_0.5um(#/0.1L),Counts_1.0um(#/0.1L),Counts_2.5um(#/0.1L),Counts_5.0um(#/0.1L),Counts_10.0um(#/0.1L),PM1.0(ug/m3),PM2.5(ug/m3),PM10(ug/m3),PM1_Atm(ug/m3),PM2.5_Atm(ug/m3),PM10_Atm(ug/m3)
21.702028081123245,42.51092043681747,86101.8096723869,3135.0514820592825,1015.4758190327614,234.05928237129484,19.723868954758192,4.12792511700468,2.656786271450858,22.677847113884557,38.049921996879874,42.425897035881434,20.585803432137286,33.69422776911077,40.802652106084246
17.27970813064628,65.15774843641418,86140.79777623349,3275.0896455872135,1063.0118137595553,268.86553161918,22.40757470465601,5.501737317581654,3.742529534398888,24.34572619874913,42.06601806810285,48.03127171646977,21.89298123697012,36.071230020847814,44.111188325225854
18.26050712052796,60.686349426884334,86288.1153178187,1893.732893365752,613.0826675929142,122.4574505036471,12.371309482459187,5.164293157346301,3.863841611670719,13.53108718304967,20.70545328238972,25.99965265717263,13.216047238624522,20.07849947898576,25.597429663077456
20.905837387074357,48.64176511466296,86254.01841556636,2273.385337039611,734.8012508686588,133.87769284225158,10.303683113273106,2.8148019457956917,1.8908964558721335,16.427380125086867,24.157400972897847,27.07956914523975,14.666087560806115,21.437456567060458,24.941278665740096
21.98817802503477,39.544158553546595,86099.33031988873,3328.7555632823364,1077.0782336578582,212.75764951321278,15.491655076495132,3.5827538247566064,2.3765646731571626,24.44819193324061,37.10952712100139,40.86474269819193,21.12134909596662,32.13212795549374,39.19367176634214
23.232080723729993,33.77174669450243,86120.30688935283,3894.2442588726512,1260.6534446764092,261.0323590814196,19.393528183716075,3.9081419624217117,2.5605427974947808,28.778357689631175,44.63152400835073,48.69171885873347,23.11482254697286,35.522268615170496,43.51948503827418
22.34932221063608,45.37851929092805,86305.23670490093,5507.718109141467,1785.8150851581509,418.2881473757386,32.72957942301008,5.873826903023983,3.6374695863746958,41.22905804657629,67.82829336114008,74.0524852276677,30.415015641293014,49.333333333333336,57.6760514424748
23.159833217512162,41.22828353022933,86352.24496177901,3192.2133425990273,1034.8874218207088,240.31271716469772,16.85823488533704,3.3370396108408618,2.0364836692147326,23.157748436414177,37.64628214037526,41.12612925642807,19.449617790132034,30.797428769979152,36.39193884642113
22.610724233983287,49.60689415041783,86248.15320334262,4271.979456824512,1386.3151114206128,342.08948467966576,23.004874651810585,4.178969359331476,2.4637883008356547,31.451949860724234,52.57172701949861,57.023676880222844,25.731894150417826,41.71065459610028,50.15529247910864
23.014255910987483,43.290333796940196,86251.90959666204,4501.270514603616,1460.779554937413,356.2548678720445,25.4836578581363,4.679763560500695,2.8550069541029206,33.115090403337966,55.36578581363004,60.29554937413074,26.47287899860918,42.730876216968014,52.69054242002782
20.922461752433936,46.76077885952712,86195.6797635605,4179.5636300417245,1354.9603616133518,313.9732267037552,22.65924895688456,4.092141863699583,2.5316411682892905,31.08692628650904,50.88386648122392,55.307719054242,25.3567454798331,40.565020862308764,48.96070931849791
19.211605281445447,38.092425295343986,86183.35892981237,3278.7696316886727,1061.919041000695,233.5135510771369,18.308547602501736,3.768241834607366,2.419388464211258,24.25573314801946,39.014246004169564,43.014246004169564,20.649409312022236,32.43780403057679,39.26997915218902
19.695274496177902,52.48714384989576,86230.58964558721,6612.036831132731,2147.1414176511466,599.6685198054205,60.240444753300906,11.8498957609451,7.337734537873524,48.91591382904795,90.56740792216817,102.8735232800556,34.23419041000695,61.87074357192495,74.45448227936066
20.16788321167883,59.772332290580465,86297.93812999652,6141.139381299965,1995.9478623566215,598.0090371915189,63.67466110531804,13.177267987486966,8.166145290232881,44.43169968717414,86.4118873826903,100.10427528675704,31.8380257212374,58.941605839416056,72.78136948209941
21.76069565217391,58.18921739130435,86298.26747826087,4748.788869565217,1542.721391304348,442.91965217391305,39.96208695652174,8.066782608695652,4.954086956521739,34.48173913043478,64.52452173913044,73.07930434782608,27.497739130434784,47.31721739130435,59.85182608695652
21.85507900677201,59.73002257336343,86343.1683972912,5187.253724604966,1686.1756207674944,485.02392776523703,42.46049661399549,8.350338600451467,5.025733634311512,37.48171557562077,69.59097065462754,78.33182844243792,28.709255079006773,49.352595936794586,62.410835214446955
30.557279236276848,31.93436754176611,86236.3031026253,5796.348448687351,1881.4486873508354,475.16109785202866,39.42959427207637,7.09546539379475,4.448687350835322,42.54057279236277,73.23269689737471,80.56085918854416,31.155131264916466,51.58353221957041,64.05847255369929
29.156356220258328,31.837525492862,86400.42760027193,4961.966689326989,1608.5873555404487,387.231135282121,32.02651257647859,5.845683208701564,3.709721278042148,36.3256288239293,61.30795377294358,67.38681169272604,28.310673011556766,45.7668252889191,57.48470428280081
27.704900938477582,32.23114355231144,86478.37122002085,5084.182134167536,1647.1525895029545,379.67813694820995,31.69690649982621,5.847758081334724,3.761557177615572,37.337156760514425,61.64198818213417,67.73027459158845,28.823079596802224,46.01286061870003,57.82064650677789
26.449078901633648,34.93361140076468,86449.8039624609,5272.614181438999,1708.9586374695864,401.50643030935004,34.48974626346889,6.253736531108794,3.997566909975669,38.658324643726104,64.5707334028502,71.0528328119569,29.254779283976365,47.15397984011123,59.094195342370526
27.225582203684393,33.15676051442475,86356.02050747306,5581.354883559263,1809.5349322210636,424.33298574904416,35.72610358011818,6.40424052832812,4.077163712200209,41.098018769551615,68.38964198818213,75.00278067431353,30.43830378866875,49.06360792492179,61.41049704553354
26.59575947167188,35.90267639902677,86297.88147375738,7310.109489051095,2370.9329162321865,562.120611748349,48.095238095238095,8.48418491484185,5.32533889468196,54.12026416405978,90.01876955161627,98.669099756691,36.72019464720194,60.2641640597845,72.4824469933959
26.860118014578273,36.44324887191947,86460.03089205138,6423.786185352308,2084.177716070809,498.0229087122527,41.261020479000344,7.151336341548074,4.482471364109684,47.58070114543561,79.38979520999654,86.84033321763276,33.122526900381814,53.776119402985074,67.0197847969455
26.88652975983293,34.44378698224852,86552.85520361991,4897.31221719457,1587.4295161851724,365.14201183431953,29.204316045945006,5.537765402018795,3.4838148277062304,36.094674556213015,59.12182387747998,64.83675600417682,28.20048729550992,44.980508179603206,55.782457361642884
27.544633553317123,30.31121917332407,86463.75859673497,4237.4730809308785,1373.0545328238973,306.93747829107326,22.95067731851337,4.433136505731157,2.807224730809309,31.155609586662035,50.096908648836404,54.707884682181316,25.544286210489755,40.36262591177492,48.940951719347
27.03302050747306,30.232186305179006,86274.36843934654,4460.873131734445,1445.6447688564476,323.4320472714633,24.717413972888426,4.757733750434481,3.0128606187000346,32.96871741397289,53.07160236357316,58.02850191171359,26.784497740702122,42.26346889120612,52.345498783454985
25.340181058495823,27.74442896935933,86172.22214484679,3097.3178969359333,1003.7301532033426,233.7823816155989,20.560933147632312,4.7855153203342615,3.1692200557103063,22.190459610027855,37.08286908077994,42.00591922005571,20.438718662952645,33.126740947075206,40.44185236768802
23.86241727621038,25.5259491466388,86231.63044235458,2855.094043887147,925.2633228840125,218.4803204458377,18.85196795541623,4.373737373737374,2.915360501567398,20.381400208986417,34.45175896900035,39.00139324277255,19.36189481017067,31.912225705329153,38.331591779867644
25.2173157162726,24.05876216968011,86264.19054242002,3023.189847009736,979.2972878998609,222.48226703755216,19.160639777468706,4.437065368567454,2.958970792767733,21.661682892906814,35.67767732962448,40.22287899860918,20.2461752433936,32.57197496522949,38.8240611961057
25.831074035453597,27.7042057698992,86143.94925269378,3951.5571776155716,1280.4306569343066,292.1619742787626,23.51268682655544,4.86339937434828,3.170663885992353,28.86235662148071,47.21689259645464,52.25026068821689,24.472367049009385,39.02711157455683,48.25130344108446
26.426434782608695,28.76313043478261,86100.78191304348,4639.632695652174,1502.8518260869566,332.2125217391304,26.70191304347826,5.348869565217392,3.4914782608695654,34.15269565217391,54.88486956521739,60.45252173913043,27.232347826086958,42.94156521739131,53.2855652173913
25.637523931078494,31.34396936821953,86158.102744097,3795.1027440970006,1230.6815571155073,286.12316528398213,21.116783663050416,4.26419910657307,2.7051691129546906,27.794511805998724,45.545628589661774,50.04594767070836,24.10657306955967,38.477345245692405,47.17740906190172
26.518327974276527,37.038585209003216,86233.9003215434,4159.614790996785,1348.6816720257234,321.13697749196143,24.25016077170418,5.021221864951769,3.1826366559485533,30.55305466237942,50.53247588424437,55.73890675241157,25.461093247588426,40.87395498392283,50.52797427652733
22.844744121715078,35.87067773167358,86223.71991701245,2146.2427385892115,695.5162517289074,154.7755878284924,10.51521438450899,2.5892116182572615,1.6438450899031811,15.285615491009683,24.400414937759336,27.104080221300137,14.872060857538036,23.349585062240664,26.84820193637621
21.775560224089634,34.32878151260504,86124.87920168067,2243.451330532213,726.0507703081232,157.5560224089636,14.943277310924369,4.787464985994398,3.352591036414566,15.861694677871148,25.383053221288517,30.230392156862745,14.773809523809524,23.252100840336134,28.975490196078432
24.004852686308492,34.25372616984402,86024.75944540728,2900.5864818024265,939.9604852686308,225.94523396880416,26.535528596187174,8.824610051993067,6.300173310225303,20.47417677642981,34.87452339688041,43.658578856152516,16.343500866551125,27.206932409012133,37.224956672443675
22.638863000931966,48.507455731593666,86048.61463187325,1284.5573159366263,414.9534016775396,76.22553588070829,9.118825722273998,4.290773532152842,3.1323392357875117,8.524697110904008,12.833643988816403,17.15936626281454,8.479496738117428,12.759086672879777,17.10111835973905
20.82209867963864,51.602154273801254,86179.3895066018,1473.7244614315498,475.08860319666434,91.14871438498957,13.202571230020848,5.94266851980542,4.450660180681028,9.821751216122307,15.298471160528145,21.37665045170257,9.32696316886727,14.425642807505213,20.555941626129258
24.43293954134816,35.16539263377345,86209.65149409312,1626.0806115357886,523.859277275886,85.7314107018763,8.735927727588603,3.5416956219596942,2.5653231410701878,11.077136900625435,15.839471855455177,19.380125086865878,9.842251563585824,14.24322446143155,18.487143849895762
24.412703922249218,37.90003471017008,86137.10065949323,2270.354390836515,732.5206525511975,130.38320027768137,11.222492190211732,3.5192641443943073,2.450885109337036,15.959736202707393,23.286706004859425,26.79763970843457,13.835820895522389,20.182575494619925,24.058660187434917
22.50643926209537,49.41524538809607,86114.00939784198,1538.9829446571528,494.6289592760181,73.72293769578837,6.557257222415593,2.814827706230421,2.0424643230073096,10.565262791507136,14.446919596240864,17.2384267316394,10.217542638357118,14.068917507831536,17.141315697876784
21.037539103232533,51.13694820994091,86151.67917970108,757.7726798748697,243.6934306569343,30.767813694820994,3.5575251998609665,1.9026763990267639,1.3913799096280848,4.485922836287799,5.929440389294404,7.806047966631908,4.360792492179353,5.741397288842545,7.636426833507126
21.82440890125174,41.62517385257302,86254.59770514604,1036.4593184979137,334.2656467315716,51.92732962447844,4.992002781641168,2.208623087621697,1.5980528511821974,6.7194019471488176,9.424547983310154,11.617872044506258,6.560848400556329,9.113699582753824,11.403337969401948
23.411049723756907,26.70497237569061,86238.05414364641,790.8994475138121,254.00828729281767,36.94917127071823,3.269613259668508,1.3585635359116022,0.9320441988950277,4.796685082872928,6.744198895027624,8.124309392265193,4.651933701657459,6.527624309392265,8.033701657458563
28.045604758757435,22.27627230667548,86181.78717779246,1560.608063450099,503.0066093853272,74.98744216787838,5.430270984798414,1.9947124917382684,1.3496364838070058,10.735624586913417,14.658294778585592,16.671513549239922,10.72769332452082,14.649702577660278,16.671513549239922
24.136996336996337,26.843956043956045,86194.74652014652,1639.2439560439561,527.9054945054945,81.68278388278388,7.0637362637362635,2.7274725274725276,1.928937728937729,11.254212454212455,15.657875457875457,18.424908424908423,11.237362637362637,15.63003663003663,18.42197802197802
24.368584758942458,33.552099533437016,86396.13530326594,2947.779160186625,952.244167962675,176.11197511664074,13.440124416796268,3.5707620528771384,2.4650077760497666,21.42457231726283,31.690513219284604,35.38258164852255,20.279937791601867,30.06842923794712,34.86003110419907
25.489486963835155,34.7905803195963,86346.63162321279,3211.4255677039528,1037.640874684609,198.50042052144659,14.941968040370059,3.849453322119428,2.566021867115223,23.437342304457527,35.08242220353238,39.07989907485282,21.71404541631623,32.695542472666105,38.94280908326325
25.839864239432274,28.96482567108917,86336.65134217835,3024.6155507559397,977.957729095958,194.8315334773218,15.556618327676643,3.726627584078988,2.4893551373033014,21.970688059240974,33.7238506633755,37.5581610614008,18.529774760876272,28.379821042887997,34.740820734341256
24.84947013487476,20.654142581888248,86259.88776493256,1058.684007707129,341.6194605009634,62.55443159922929,7.123795761078998,3.0785163776493256,2.2410886319845855,6.8289980732177264,10.370423892100193,13.409200385356455,6.660404624277457,10.052745664739884,13.223265895953757
27.508814379536812,26.76218458347736,86253.9505703422,1676.7348772900104,540.9574835810578,93.47182855167647,9.801935706878673,3.8129968890425165,2.7646042170757,11.47355686138956,16.826477704804702,20.656757690978225,10.864154856550293,15.927065330107155,20.099204977531972
27.655375043207744,26.518492913930178,86256.52333218112,2646.9616315243693,859.1106118216385,174.07811959903214,20.451780159004493,6.475630833045281,4.645696508814379,18.256135499481505,28.284479778776358,34.456273764258555,14.79502246802627,22.623919806429313,28.37573453162807
28.28418137763932,34.44444444444444,86198.34094842506,3257.305988231222,1052.5358255451713,201.32814122533748,19.551055728625823,5.894427137417791,4.1433021806853585,23.514364832121842,35.428868120456904,41.21668397369332,20.833852544132917,31.277258566978194,37.65282104534441
30.667517006802722,28.10544217687075,86115.22704081633,3193.359693877551,1031.5960884353742,187.72874149659864,14.493197278911564,4.1062925170068025,2.822278911564626,23.35969387755102,34.22704081632653,38.31122448979592,20.375850340136054,29.857142857142858,35.630102040816325
24.5689381933439,31.11568938193344,86137.89064976228,2170.743264659271,700.8969889064977,115.2282091917591,6.638668779714738,1.6497622820919176,1.063391442155309,15.692551505546751,21.868462757527734,23.63391442155309,15.188589540412044,21.251980982567353,23.629160063391442
27.265690376569037,32.75313807531381,86112.57531380754,3916.692468619247,1266.8933054393306,243.38702928870293,16.274058577405857,3.717573221757322,2.4456066945606696,29.188284518828453,43.20083682008368,47.10460251046025,24.594142259414227,36.72175732217573,44.00209205020921
29.056414219474497,37.82843894899536,86231.70556414219,5099.745749613601,1650.2604327666152,341.27975270479135,27.15996908809892,5.975270479134466,3.936630602782071,37.84234930448223,58.46599690880989,64.55100463678517,29.25193199381762,45.31993817619784,55.44822256568779
28.931754874651812,32.209610027855156,86304.56615598885,4052.283077994429,1311.166782729805,262.5396935933148,19.456128133704734,4.3736072423398324,2.879526462395543,29.973885793871865,45.529944289693596,50.00208913649025,25.13544568245125,38.41608635097493,46.41956824512535
29.637122002085505,30.407716371220022,86280.89676746611,3782.157108098714,1223.0775112964893,239.5078206465068,16.499478623566215,3.6551963851233924,2.4073687869308307,28.004866180048662,42.01633646159193,45.83698296836983,24.169273548835594,36.45881126173097,43.70663885992353
30.26972540841154,23.961070559610704,86160.01772679875,2702.7831074035453,873.3844282238443,164.90406673618352,11.017379214459506,2.7987486965589157,1.8505387556482447,19.667361835245046,29.101494612443517,31.99826207855405,18.873826903023982,27.980535279805352,31.659367396593673
29.615649775939332,23.413650465356774,86164.24922440537,2058.2344019303687,664.081695966908,117.10065494657015,11.379524301964839,4.047569803516029,2.883833160978973,14.441227163047225,21.232678386763187,25.29403653912444,13.72182006204757,20.211306446053086,24.993450534298518
26.739837398373982,24.617886178861788,86175.24274099884,1989.0673635307783,642.2183507549361,118.97096399535424,10.184668989547038,3.457607433217189,2.484320557491289,13.961672473867596,20.823461091753774,24.35656213704994,13.8931475029036,20.72938443670151,24.355400696864113
29.86137485757691,28.55374097987087,86295.21382453475,2897.860995062666,936.0300037979491,172.83668818837828,14.014432206608431,4.251044436004557,3.0068363083934675,21.06570451955944,31.00417774401823,35.314849981010255,18.525256361564754,27.58982149639195,33.74097987086973
29.88352444176222,33.651176825588415,86342.86059143029,3183.8756789378394,1028.8509354254677,184.45745322872662,13.161738080869041,3.7966203983101994,2.592637296318648,23.48340374170187,33.81170790585395,37.69583584791793,20.841882920941462,30.575739287869645,36.53228726614363
26.055066704513198,27.099630996309962,86233.69940391711,1755.0377519159806,566.0008515469771,92.43769514618224,8.548112404200966,3.437127448197559,2.5134828271359635,12.232472324723247,17.234175418677264,20.714731762702243,12.022707919386885,17.006812375816065,20.68521146749929
25.348143005900727,29.593543908365152,86281.21277334259,1106.8233252342936,356.36827490454704,60.511280805275945,9.817077403679278,4.9385629989586945,3.6858729607775076,6.908018049288441,10.348490107601528,15.240541478653245,6.838250607427977,10.233252342936481,15.157584172162444
25.664102564102564,47.79871794871795,86349.44743589744,3262.35,1053.5269230769231,197.2076923076923,20.21153846153846,6.483333333333333,4.616666666666666,23.587179487179487,35.424358974358974,41.88461538461539,21.144871794871793,31.724358974358974,39.14102564102564
29.54880166724557,30.977770059048282,86410.77839527614,2817.903438693991,909.5262243834665,162.574505036471,13.941646405001737,4.411253907606808,3.080236193122612,20.43035776311219,29.822507815213616,34.25842306356374,19.122264675234458,28.006252170892672,33.52448766932963
30.00331950207469,33.29087136929461,86383.34232365145,3725.974273858921,1204.209958506224,225.23983402489625,16.87883817427386,4.495850622406639,3.0626556016597513,27.588796680497925,40.55103734439834,45.13526970954357,23.79585062240664,35.37551867219917,42.74896265560166
29.14111922141119,33.90128606187,86238.08932916232,3775.5342370524854,1220.0486618004866,224.69621133124784,17.353493222106362,4.844629822732013,3.3816475495307614,28.020855057351408,40.905804657629474,45.84428223844282,24.173444560305875,35.81751824817518,43.70837678136948
29.38783833889507,32.78605858361142,86251.0926955877,3684.844271412681,1191.6392287727103,223.02113459399334,16.491657397107897,4.398220244716351,3.0096403411197628,27.32109751575825,40.14423433444568,44.63997033741194,23.839451242120877,35.468298109010014,43.16017797552836
29.694125825512685,38.18491484184915,86321.4918317692,4329.045881126173,1401.6374695863747,285.5731664928745,19.879388251651026,4.697254084115398,3.158846020159889,32.3486270420577,48.90615224191867,53.75634341327772,26.140424052832813,39.56656239137991,47.98540145985402
28.546147978642257,44.9023646071701,86219.94241037375,4172.165141113654,1351.9298245614036,294.2757437070938,28.939740655987794,10.365369946605645,7.826086956521739,30.922578184591913,48.22501906941266,58.05758962623951,25.68878718535469,39.63615560640732,51.15903890160183
28.55250978996084,44.293342826628695,86164.95300818796,3722.714845140619,1206.2356710573158,254.93556425774298,17.26806692773229,4.266998932004272,2.8234247063011746,27.69312922748309,42.456034175863294,46.86294054823781,23.63189747241011,35.85760056959772,43.33072267710929
28.48522766770942,49.429614181439,86224.14077163712,3757.4396941258256,1217.2384428223845,263.1338199513382,23.662495655196384,7.711157455683003,5.652763295099062,27.740354535974973,43.255126868265556,50.82620785540494,24.020855057351408,37.03232533889468,46.488008342022944
28.359444444444446,44.30444444444444,86258.65666666666,3287.4,1064.4122222222222,219.49666666666667,15.292222222222222,3.9883333333333333,2.6794444444444445,24.212222222222223,36.97222222222222,41.08888888888889,22.102222222222224,33.59722222222222,40.02777777777778
31.23119918699187,29.633638211382113,86179.44969512195,2893.2393292682927,935.6438008130082,177.73119918699186,12.477642276422765,3.258130081300813,2.230182926829268,21.190548780487806,31.389227642276424,34.760162601626014,19.551829268292682,29.01829268292683,33.87957317073171
28.6726893676164,29.994440583738708,86208.50938151494,2255.632383599722,729.219596942321,137.17894371091035,10.494788047255039,3.2678943710910353,2.2835302293259208,16.192842251563587,23.975330090340513,27.34155663655316,15.710910354412787,23.263377345378736,27.23036831132731
28.374478442280946,35.110222531293466,86135.34492350486,1825.1502086230876,589.2649513212796,106.24026425591099,9.755215577190542,3.659248956884562,2.615785813630042,12.706189151599444,18.6356050069541,22.306328233657858,12.113351877607789,17.593880389429764,21.585187760778858
28.283530229325923,40.697359277275886,86158.77936066713,2094.681723419041,677.178596247394,126.11779013203613,9.987838776928422,3.559416261292564,2.540653231410702,14.95969423210563,21.984364141765116,25.590687977762336,14.73905489923558,21.600416956219597,25.564280750521196
27.551652173913045,39.09739130434782,86085.056,2640.3488695652172,855.448,183.73565217391305,12.969391304347827,3.4671304347826086,2.3109565217391306,19.22226086956522,29.953739130434784,33.52,18.264347826086958,28.13286956521739,32.95513043478261
25.6546212647672,42.73940236275191,86118.78700486448,2020.5312717164697,654.3325225851286,133.7599027102154,10.193537178596248,3.359277275886032,2.3679638637943015,14.381167477414872,21.960736622654622,25.421820708825575,13.95100764419736,21.174079221681723,25.15427380125087
26.816916115558648,35.25617821092934,86115.78802645319,1426.246432300731,460.4159415245388,75.77166724678037,6.930038287504351,2.995475113122172,2.1910894535328924,9.659589279498782,13.661329620605638,16.68917507831535,9.585798816568047,13.553428471980508,16.666202575704837
25.830840455840455,41.3034188034188,86222.75854700855,1858.7222222222222,601.488603988604,122.4508547008547,9.025997150997151,2.9757834757834756,2.0965099715099713,13.054843304843304,19.945868945868945,23.02457264957265,12.470797720797721,18.821581196581196,22.776353276353277
28.499316473000682,45.42481203007519,86149.01845522899,2650.6664388243335,858.0611756664388,177.96582365003417,12.651401230348599,3.71120984278879,2.543403964456596,19.23103212576897,29.45386192754614,33.26657552973342,18.05434039644566,27.371838687628163,32.78810663021189
27.36794766966476,49.1909239574816,86164.19787408013,3337.2747342600164,1079.9979558462796,219.48896156991006,14.557236304170074,3.766966475878986,2.5085854456255112,24.552739165985283,37.21504497138185,41.116516762060506,22.29067865903516,33.710956663941126,40.0903515944399
28.089484536082473,47.435051546391755,86232.81443298969,2790.5455670103092,903.0280412371134,177.91546391752578,11.712989690721649,3.428453608247423,2.365773195876289,20.502268041237112,30.435463917525773,33.964948453608244,19.274639175257732,28.55340206185567,33.29567010309278
26.503272727272726,59.79018181818182,86238.05636363637,3431.8883636363635,1111.604,243.26472727272727,17.939272727272726,5.402181818181818,3.828,25.285090909090908,39.348363636363636,44.81636363636363,22.483636363636364,34.72327272727273,42.697818181818185
28.721932568647897,47.03093500173792,86097.21793534933,2873.8786930830724,929.9951338199513,187.45290232881473,12.527632950990615,3.550573514077164,2.402502606882169,21.040319777546056,31.67431352102885,35.33124782759819,19.535627389641988,29.230795968022246,34.54848800834203
29.226198749131342,39.33391243919389,86096.33425990271,2317.580958999305,749.4343293954134,139.38220986796387,9.487838776928422,2.9169562195969423,2.035788742182071,16.808895066018067,24.505906879777623,27.52189020152884,16.217512161223073,23.572619874913133,27.190757470465602
29.18943343760862,32.667361835245046,86185.4692387904,1316.7049009384775,424.5530066041015,66.232186305179,4.801181786583246,2.0069516857838026,1.3965936739659368,8.892248870351061,12.219673270768162,14.245742092457421,8.884602015988877,12.208898157803267,14.24261383385471
29.771538193233344,35.89326822462505,86123.46041158005,1166.9037321241717,376.26403906522495,63.889780258109525,6.477851412626439,3.0254621555633068,2.2270666201604463,7.61946285315661,10.991628880362748,14.012905476107429,7.592954307638647,10.9351238228113,14.01151028950122
30.494544174586412,34.39598732840549,86067.0397747272,1182.687434002112,380.8380851812742,61.88806758183738,7.736360436466033,3.7800070397747274,2.8211897219288984,7.649067229848645,10.994016191481872,14.745160154875045,7.607180570221753,10.89616332277367,14.697993664202745
29.79603891591383,27.502432244614315,86095.6382904795,849.7908269631689,273.6702571230021,43.47046560111188,5.180333564975678,2.618137595552467,1.9586518415566365,5.197706740792217,7.420083391243919,10.011466296038916,5.125781792911744,7.276928422515636,9.93328700486449
28.88846421125782,26.62856150104239,86088.2744961779,873.8325225851286,281.4909659485754,47.23766504517026,5.817581653926338,2.6302988186240444,1.9162612925642808,5.357192494788047,7.9371091035441275,10.52223766504517,4.981236970118138,7.287699791521891,9.935024322446143
30.099478260869564,28.50017391304348,86102.94608695652,1086.6226086956522,349.92973913043477,54.79234782608695,5.819478260869565,2.8104347826086955,2.0737391304347828,6.954434782608696,9.798608695652174,12.589217391304349,6.938086956521739,9.761391304347827,12.568347826086956
30.43738546120953,44.17654245571167,86101.53329260842,2162.505192425168,698.425167990226,126.1014050091631,9.53390348197923,3.289554062309102,2.329871716554673,15.508246792913868,22.430054978619427,25.79474648747709,15.17104459376909,21.868662186927306,25.614538790470373
28.303004291845493,41.83090128755365,86164.76995708155,2298.074678111588,741.889270386266,121.7107296137339,7.718454935622318,2.478111587982833,1.688412017167382,16.71845493562232,23.115021459227467,25.66008583690987,16.393133047210302,22.739055793991415,25.532188841201716
29.307612095933266,26.94890510948905,86069.92978797358,1106.4796663190823,356.40980187695516,49.477928397636425,4.973931178310741,2.4045881126173096,1.778588807785888,7.153979840111227,9.606187000347584,12.035453597497392,7.13451511991658,9.56551963851234,12.02537365311088
28.667014250955855,34.60549183176921,86003.18178658324,1256.460896767466,405.29405630865483,68.82203684393465,7.7851929092805,3.6955161626694473,2.7344456030587416,8.262078554049356,11.94751477233229,15.627737226277372,8.228362877997915,11.876607577337504,15.599582898852972
30.426748582230623,40.66020793950851,85956.20982986767,2305.992438563327,744.5448960302457,128.8733459357278,8.89461247637051,3.0198487712665405,2.1408317580340266,16.747637051039696,23.629489603024574,26.707939508506616,16.435727788279774,23.23156899810964,26.620510396975426
28.617495711835335,48.00400228702115,85945.14922813037,3439.4391080617497,1112.3024585477415,207.80331618067467,12.15494568324757,3.0646083476272157,2.05431675242996,25.655803316180673,37.069182389937104,40.272155517438534,22.91709548313322,33.705546026300745,39.322469982847345
26.273589378852538,59.054054054054056,85927.6434329066,2978.560455192034,963.9075391180654,190.64722617354195,13.50403034613561,4.071123755334281,2.8032242769084874,21.949739212897107,32.666666666666664,36.81697486960645,20.399241346609767,30.453769559032718,36.15362731152205
28.253948967193196,44.808019441069256,85993.88942891858,1738.3535844471446,561.2746051032807,104.53098420413123,15.584447144592952,7.025516403402187,5.359659781287971,11.80801944106926,17.985419198055894,24.990279465370595,11.80801944106926,17.98298906439854,24.987849331713246
26.20762108262108,54.51317663817664,85800.72720797721,2009.4982193732194,649.5534188034188,125.52706552706553,15.756766381766381,6.737891737891738,5.003917378917379,14.066951566951566,21.399216524216524,28.06054131054131,13.817663817663817,20.993589743589745,27.98611111111111
24.656313853698407,65.12995504699632,85762.70004086637,2365.928483857785,766.5161422149571,167.6277073968124,17.038005721291377,6.615856150388231,4.9276665304454434,16.941561095218635,26.68042501021659,33.27748263179404,16.406211687780957,25.292194523906826,32.479362484675114
22.89739413680782,76.42508143322476,85883.10749185667,1984.0635179153094,642.2491856677525,140.5358306188925,22.882736156351793,11.693811074918568,9.3371335504886,13.745928338762216,21.908794788273617,33.12214983713355,13.72801302931596,21.72638436482085,31.566775244299674
25.947293447293447,56.70441595441596,85905.82407407407,1561.33547008547,504.6812678062678,92.96474358974359,9.94408831908832,4.696225071225071,3.6014957264957266,10.722578347578347,15.73397435897436,20.35683760683761,10.66025641025641,15.511039886039885,19.90420227920228
26.8211743772242,55.86832740213523,85979.85142348755,1688.49243772242,545.9332740213523,96.39101423487544,8.322953736654805,3.643238434163701,2.7184163701067616,11.904359430604982,16.915925266903916,20.555604982206404,11.821619217081851,16.7673487544484,20.40435943060498
25.867521367521366,35.22222222222222,86103.48717948717,968.4273504273505,311.87179487179486,39.85897435897436,4.487179487179487,2.4145299145299144,1.7905982905982907,6.081196581196581,7.897435897435898,10.294871794871796,6.081196581196581,7.897435897435898,10.294871794871796
29.33358547655068,40.289334341906205,86054.50302571862,1553.3021936459909,501.77231467473524,88.8426626323752,7.171331316187595,2.9470499243570347,2.1267019667170954,10.726928895612708,15.430408472012102,18.411497730711044,10.61232980332829,15.218229954614221,18.33358547655068
31.104672897196263,41.877881619937696,86122.99252336449,2078.7956386292835,671.8841121495327,120.90031152647975,9.694080996884734,3.4878504672897197,2.514018691588785,14.9196261682243,21.54018691588785,25.090965732087227,14.559501557632398,20.886604361370715,24.59127725856698
25.978578892371996,47.669801462904914,86099.87983281087,1692.5992685475444,546.9226750261233,96.0282131661442,7.800940438871473,3.2596656217345874,2.335423197492163,11.85423197492163,16.91849529780564,20.21473354231975,11.640543364681296,16.562695924764892,20.097701149425287
26.10147518998659,49.4005364327224,86043.49396513187,1807.7912382655343,584.1461779168529,97.57532409476978,7.169870362092087,2.8345999105945463,2.0929816718819847,12.852481001341081,17.895395619132767,20.758158247653107,12.519445686186858,17.46848457755923,20.592758158247655
26.29793878825734,60.868207370393506,85947.7401623985,2090.694565896315,675.9793878825734,117.42535915053092,8.5053091817614,3.2098688319800126,2.330418488444722,15.173016864459713,21.28107432854466,24.561524047470332,14.718301061836351,20.692692067457838,24.296689569019364
24.26274787535411,70.8186968838527,85992.61437677054,1643.8810198300284,531.4876062322946,93.79745042492918,7.727691218130311,3.3838526912181304,2.5470963172804533,11.69228045325779,16.475212464589234,19.847733711048157,11.602337110481587,16.318342776203966,19.715651558073656
25.579367836054185,67.55192775269191,86030.06807919417,1557.785342132685,503.85689475512334,91.17888155609586,8.832580757207364,4.246613407433136,3.2292462660646057,10.899965265717263,15.614102118791246,19.816950329975686,10.829107328933658,15.50816255644321,19.690864883640153
26.997150997150996,59.662393162393165,86054.87037037036,1494.698955365622,483.96438746438747,100.61443494776829,7.32051282051282,2.759259259259259,1.9273504273504274,10.341880341880342,15.77730294396961,18.597340930674264,10.312915479582147,15.68091168091168,18.52801519468186
22.276119402985074,67.20149253731343,86159.12686567164,663.9179104477612,213.02985074626866,24.85820895522388,1.7462686567164178,0.8582089552238806,0.5074626865671642,3.6417910447761193,4.604477611940299,5.522388059701493,3.6417910447761193,4.604477611940299,5.522388059701493
25.010309278350515,65.9278350515464,85903.793814433,1854.0824742268042,599.1958762886597,102.35567010309278,8.644329896907216,3.7783505154639174,2.6752577319587627,13.335051546391753,18.59278350515464,22.24742268041237,13.335051546391753,18.59278350515464,22.24742268041237
31.28753541076487,46.91784702549575,85837.335694051,648.4915014164307,208.79178470254956,38.61331444759207,3.964589235127479,1.4277620396600565,0.9475920679886686,3.601983002832861,5.834277620396601,7.286118980169972,3.594900849858357,5.736543909348442,7.269121813031162
23.92,67.36,85898.78,646.58,207.46,28.4,4.28,2.56,1.98,3.42,4.88,7.38,3.42,4.88,7.38
25.31130204890945,66.95836087243886,85866.82551222737,794.8592200925314,256.0733641771315,49.31857237276933,13.424322538003965,8.185062789160607,6.405155320555188,4.3588896232650365,7.048248512888302,14.931262392597489,4.3588896232650365,7.044943820224719,14.783873099801719
23.9873993699685,70.06615330766539,85789.83339166958,571.0066503325166,183.83199159958,34.450122506125304,10.443122156107805,6.547077353867693,5.249912495624781,2.7952397619880993,4.614280714035702,10.940497024851243,2.7952397619880993,4.613930696534827,10.759537976898844
24.639207507820647,68.32360097323601,85613.59019812304,315.2898852971846,100.81751824817518,15.306916927354884,4.989920055613486,3.5662148070907196,2.8686131386861313,1.0900243309002433,1.691692735488356,5.075078206465068,1.0900243309002433,1.691692735488356,5.075078206465068
26.681043478260868,63.1415652173913,85407.94365217391,302.2535652173913,96.7304347826087,9.768347826086957,0.953391304347826,0.591304347826087,0.4340869565217391,1.4445217391304348,1.792695652173913,2.3109565217391306,1.4445217391304348,1.792695652173913,2.3109565217391306
24.536186499652054,68.8677800974252,85405.65414057064,366.964509394572,117.81002087682673,15.402574808629089,2.106471816283925,1.384829505915101,1.059151009046625,1.7390396659707725,2.3427279053583856,3.6457898399443285,1.7390396659707725,2.3427279053583856,3.6457898399443285
24.875260597637247,70.18380820013898,85546.90479499653,248.81723419041,79.71855455177206,12.895066018068103,3.2744961779013204,2.2790132036136206,1.7970813064628215,1.0059068797776234,1.537178596247394,3.592425295343989,1.0059068797776234,1.537178596247394,3.592425295343989
23.476372480889506,75.80715774843641,85524.87838776929,181.22515635858235,57.888116747741485,9.308547602501738,3.1629603891591382,2.299166087560806,1.8540653231410702,0.5667129951355108,0.9100069492703267,2.9669909659485754,0.5667129951355108,0.9100069492703267,2.9669909659485754
23.815020862308764,73.33310152990265,85468.56849791377,543.8306675938804,175.14638386648122,31.66029207232267,5.25,3.3675243393602226,2.6540333796940194,2.9572322670375524,4.448539638386648,7.677329624478443,2.9534075104311546,4.441585535465925,7.675591098748262
22.720792767732963,75.8807371349096,85485.21766342141,163.85778859527122,52.1644645340751,7.717663421418637,3.0778859527121,2.286856745479833,1.8497913769123784,0.42037552155771907,0.6429068150208623,2.6376912378303197,0.42037552155771907,0.6429068150208623,2.6376912378303197
22.481931897150798,77.85858234885337,85664.30715774844,304.4794996525365,97.52293259207784,18.97428769979152,7.542390548992356,5.232453092425295,4.218554551772064,1.0555941626129257,1.91591382904795,6.862404447533009,1.0555941626129257,1.91591382904795,6.861709520500347
23.67883211678832,73.76711852624261,85813.90406673618,799.3517553006604,257.69586374695865,48.72401807438304,12.906847410497045,8.048314216197427,6.312825860271116,4.409106708376782,6.989224887035106,14.816475495307612,4.406673618352451,6.978449774070212,14.800139033715675
23.399930507296734,74.08825573314802,85868.48540653232,888.0938151494094,286.64246004169564,55.63759555246699,14.621612230715774,9.002084781097984,7.108061153578874,5.067755385684503,8.077136900625435,16.823835997220293,5.067755385684503,8.077136900625435,16.806462821403752
22.440041710114702,76.2182829336114,85773.52450469238,819.8946819603754,264.61800486618006,52.46645811609315,14.628084810566563,9.130344108446298,7.207160236357317,4.535974973931178,7.366701425095585,16.230448383733055,4.530761209593327,7.358706986444212,16.225582203684393
22.49617790132036,75.17373175816539,85645.16330785268,702.7533009034051,226.5799166087561,42.90271021542738,12.870048644892286,8.26059763724809,6.504517025712301,3.6608756080611538,5.907922168172342,13.89332870048645,3.6608756080611538,5.907922168172342,13.889159138290479
23.39332870048645,71.69596942321056,85716.83078526755,870.6254343293954,280.9409312022238,55.66608756080611,14.710910354412787,8.904794996525364,7.0698401667824875,4.956567060458652,8.041695621959695,16.69909659485754,4.956567060458652,8.037873523280055,16.664697706740792
27.577685088633995,59.67396593673966,85762.813694821,460.70941953423704,147.9023288147376,22.633646159193603,3.340285019117136,2.0799443865137297,1.6006256517205422,2.374695863746959,3.411192214111922,5.3830378866875215,2.374695863746959,3.411192214111922,5.381299965241571
28.14111922141119,59.848453249913106,85702.43969412583,870.2648592283629,281.2075078206465,54.97254084115398,5.32290580465763,2.6718804310045186,1.959332638164755,5.309002433090025,8.116093152589503,10.815085158150852,5.285366701425096,8.059436913451512,10.761904761904763
27.320708825573316,59.620917303683115,85679.63029881862,532.1438498957609,171.0767894371091,21.351285615010426,1.9357192494788047,1.106671299513551,0.796038915913829,2.7661570535093816,3.6299513551077136,4.74357192494788,2.7661570535093816,3.6299513551077136,4.74357192494788
28.13660062565172,58.385818561001045,85727.17796315606,704.431352102885,226.75877650330204,33.628779979144944,3.8828640945429265,1.8262078554049357,1.3260340632603407,3.994438651372958,5.736531108793883,7.532846715328467,3.829683698296837,5.3913799096280846,7.273201251303441
26.679291174426684,63.94683808200139,85725.6851980542,438.76928422515635,140.5983321751216,17.392633773453788,3.2369701181375956,2.101459346768589,1.6268241834607367,2.0333564975677554,2.7640722724113966,4.74357192494788,2.0086865879082696,2.718902015288395,4.70813064628214
26.164407368786932,64.55370177267987,85642.10705596107,283.07160236357316,90.27389641988182,9.198818213416754,1.751477233229058,1.1883906847410497,0.9144942648592284,1.0344108446298228,1.359749739311783,2.4765380604796663,1.0337156760514425,1.3590545707334027,2.4765380604796663
25.359624739402364,65.92807505211952,85542.26615705351,203.38881167477416,64.96594857539958,7.538915913829048,1.4933981931897151,0.9687282835302293,0.7564280750521195,0.7612925642807505,1.0667129951355108,1.9315496872828353,0.7612925642807505,1.0667129951355108,1.9294649061848506
23.826842837273993,70.87378303198888,85623.27051460362,214.0107788595271,68.40438108484005,9.368567454798331,3.010431154381085,2.1968011126564675,1.7573018080667593,0.741307371349096,1.0511126564673157,2.9944367176634215,0.741307371349096,1.0511126564673157,2.9944367176634215
23.46105702364395,72.06119610570236,85590.13004172462,151.4346314325452,48.2990264255911,7.205841446453407,2.817454798331015,2.1182197496522948,1.7194019471488178,0.3327538247566064,0.5361613351877608,2.3720445062586926,0.3219749652294854,0.5177329624478443,2.3546592489568847
22.345151199165798,75.52276677094196,85546.61487660758,254.22662495655197,81.5881126173097,15.024330900243308,4.360444907890163,2.764337851929093,2.218978102189781,1.1282586027111574,1.8425443169968718,4.298227320125131,1.0173792144595064,1.6124435175530065,4.0455335418839065
21.669214732453092,78.37908269631689,85422.00069492703,172.63377345378734,55.35927727588603,11.704308547602501,5.465253648366922,3.91591382904795,3.1476719944405835,0.44892286309937457,0.9075747046560111,4.466643502432245,0.44892286309937457,0.9075747046560111,4.466643502432245
21.76615705350938,80.273106323836,85392.84155663656,481.45552466990966,155.44058373870743,38.84676858929812,15.502084781097984,10.170257123002084,8.175469075747047,2.0236275191104935,4.135510771369006,13.932592077831828,2.0236275191104935,4.135510771369006,13.925990271021544
21.7358359402155,81.1477233229058,85315.55683003129,422.1842196732708,136.32568647897116,35.9787973583594,15.235662148070908,10.27146332985749,8.290580465762947,1.6058394160583942,3.5547445255474455,13.373305526590197,1.6058394160583942,3.5547445255474455,13.362182829336113
22.524852276677095,78.22453945081682,85416.28362877997,217.7010775112965,69.72123740006951,13.051442474800139,5.495307612095933,3.994091067083768,3.1974278762599933,0.6444212721584984,1.1279110184219674,4.8310740354535975,0.6444212721584984,1.1279110184219674,4.8310740354535975
22.81723419041001,77.81202223766505,85674.2574704656,252.64523974982626,81.21820708825574,17.98679638637943,5.4193884642112575,3.3050729673384294,2.624391938846421,1.0813064628214037,2.040653231410702,5.0006949270326615,0.9426685198054204,1.7032661570535095,4.618832522585128
22.69551616266945,75.97427876259994,85680.53875564825,325.4011122697254,104.35036496350365,19.415015641293014,7.123740006951686,5.02850191171359,4.085853319429962,1.1776155717761556,2.0100799443865136,6.759819256169621,1.1505039972193256,1.9447340980187695,6.685088633993743
22.42911744266852,77.36970118137596,85706.71507991661,467.36518415566366,150.35545517720638,27.72480889506602,9.328353022932593,6.431202223766505,5.165045170257123,2.083738707435719,3.3314801945795693,9.531619179986102,2.083738707435719,3.3314801945795693,9.531619179986102
23.380604796663192,73.7149808828641,85710.28362877997,553.8015293708725,178.55648244699339,33.33229058046576,9.97323600973236,6.795968022245394,5.437608620090372,2.704900938477581,4.255126868265554,10.784845324991311,2.704900938477581,4.255126868265554,10.784845324991311
22.448695652173914,75.56730434782608,85723.41217391305,361.03721739130435,115.99965217391305,21.397913043478262,7.737391304347826,5.420173913043478,4.3036521739130436,1.3822608695652174,2.3060869565217392,7.444869565217392,1.3822608695652174,2.3060869565217392,7.444869565217392
22.808200138985406,73.89715079916608,85650.5382209868,254.05594162612925,81.40236275191106,13.742529534398889,5.101459346768589,3.6904100069492705,2.9861014593467687,0.8523280055594162,1.3846421125781794,4.8082001389854065,0.8523280055594162,1.3846421125781794,4.8082001389854065
23.416058394160583,72.95168578380257,85611.42891901286,250.78032672923183,80.38790406673618,13.776503302050747,3.3656586722280153,2.0201598887730277,1.5662148070907196,1.0778588807785887,1.7716371220020855,3.5794230100799442,1.0093847758081336,1.6127911018421968,3.4153632255822037
22.207160236357318,75.95620437956204,85480.68439346542,98.23357664233576,31.29614181438999,5.473757386166145,2.72957942301008,2.059784497740702,1.651372957942301,0.17935349322210636,0.30517900590893293,2.0173792144595066,0.17935349322210636,0.30517900590893293,2.0173792144595066
20.914782608695653,78.64626086956521,85267.76730434783,161.6441739130435,51.74469565217391,10.268521739130435,4.579826086956522,3.4170434782608696,2.730086956521739,0.4539130434782609,0.7982608695652174,3.805217391304348,0.4539130434782609,0.7982608695652174,3.805217391304348
21.72923183872089,77.9297879735836,85248.23670490093,152.8526242613834,48.652763295099064,7.805005213764338,3.6152241918665275,2.710462287104623,2.179353493222106,0.299965241571081,0.5311087938825165,2.9356969064998264,0.299965241571081,0.5311087938825165,2.9356969064998264
22.789089645587215,76.37282835302294,85570.95830437804,355.546212647672,114.19179986101459,22.72133425990271,7.253648366921473,4.709520500347463,3.7418346073662265,1.4801945795691451,2.587560806115358,7.022932592077832,1.3794301598332175,2.339471855455177,6.702918693537178
23.320820298922488,74.31560653458463,85782.35523114355,472.760514424748,151.90684741049705,29.98018769551616,9.305526590198124,6.157803267292318,4.916927354883559,2.1466805700382343,3.6319082377476537,9.524852276677095,2.101842196732708,3.5119916579770596,9.402155022592979
25.474635163307852,66.44162612925643,85663.54586518416,581.4364141765114,186.83009034051423,28.344336344683807,6.1091035441278665,4.059068797776233,3.1612230715774845,2.964211257817929,4.244266851980542,8.193189715079917,2.959346768589298,4.238359972202919,8.191452397498262
27.028889662373825,61.90810998955795,85696.19004524886,1310.5711799512706,423.0779672815872,83.47128437173686,10.096762965541247,3.433344935607379,2.4559693699965193,8.41350504698921,13.256526279150714,16.58858336233902,6.871214758092586,10.604594500522103,13.813783501566308
26.867662382771798,61.702327196943386,85820.39284473775,417.62556443209445,133.9010072941994,17.968391802709274,2.203890239666551,1.1865230982980202,0.8989232372351511,2.0781521361583883,2.905175408127822,4.0541854810698155,1.9135116359847169,2.6523098298020145,3.847863841611671
26.128998609179416,64.28894297635605,85760.67628650904,267.95653685674546,85.67002781641169,9.586578581363003,1.9311543810848402,1.3351877607788596,1.0507649513212796,1.0246870653685674,1.3501390820584145,2.5566759388038944,1.0187760778859527,1.342837273991655,2.555980528511822
24.247394023627518,66.49305072967339,85795.19249478805,394.4843641417651,126.22758860319666,14.419735927727588,2.7140375260597636,1.7765809589993051,1.375260597637248,1.7143849895760945,2.2692842251563587,3.9881862404447532,1.7143849895760945,2.2692842251563587,3.9881862404447532
25.25426086956522,62.36417391304348,85807.20034782609,386.1433043478261,123.28382608695652,11.188173913043478,1.3394782608695652,0.816695652173913,0.5878260869565217,1.688,2.0723478260869563,2.8733913043478263,1.6855652173913043,2.066086956521739,2.872695652173913
24.361709520500348,66.28978457261988,85891.37491313412,125.62439193884641,39.68902015288395,4.040653231410702,1.446490618485059,1.0611535788742181,0.8620569840166783,0.17303683113273105,0.2619874913134121,1.1817234190410006,0.17303683113273105,0.2619874913134121,1.1817234190410006
22.70733402850191,72.74695863746959,85960.26103580119,273.2495655196385,87.4681960375391,14.255126868265554,5.3854709767118525,3.8307264511644075,3.097323600973236,0.9787973583594022,1.538408063955509,5.10740354535975,0.9787973583594022,1.538408063955509,5.10740354535975
23.57053509381515,70.85267546907575,85855.23314801946,362.54447533009034,115.97324530924253,17.472202918693537,5.1619179986101456,3.5552466990965947,2.85406532314107,1.5635858234885338,2.3210562890896456,5.692494788047255,1.5430854760250174,2.291521890201529,5.681723419041001
25.895760945100765,63.892981236970115,85658.70813064628,493.25225851285614,158.02189020152883,18.609103544127866,2.7769284225156357,1.792564280750521,1.3578874218207089,2.506601806810285,3.2616400277970814,4.973940236275191,2.5,3.252605976372481,4.97324530924253
25.45773913043478,65.824,85643.34295652174,322.4535652173913,103.13252173913044,11.102608695652174,1.3102608695652174,0.7982608695652174,0.5923478260869566,1.5019130434782608,1.9429565217391305,2.660173913043478,1.4817391304347827,1.9158260869565218,2.6542608695652175
25.081710709318497,67.92315716272601,85634.58623087622,216.7319193324061,69.31363004172462,7.614742698191933,1.8522253129346313,1.3164116828929069,1.0483310152990264,0.8209318497913769,1.0584144645340752,2.2593880389429764,0.8209318497913769,1.0584144645340752,2.2593880389429764
25.518608695652173,65.55373913043478,85616.0212173913,201.93078260869567,64.39373913043478,7.754434782608696,2.3780869565217393,1.7304347826086957,1.3909565217391304,0.5659130434782609,0.7972173913043479,2.348521739130435,0.5659130434782609,0.7972173913043479,2.348521739130435
24.591035441278667,69.1421125781793,85537.61605281445,120.12473940236275,38.0587213342599,4.046212647671995,1.3773453787352328,1.0184155663655317,0.8182765809589994,0.26719944405837387,0.3533703961084086,1.1761640027797082,0.26719944405837387,0.3533703961084086,1.1761640027797082
21.494616186175755,79.61271274748177,85364.20771101076,196.2424452935047,62.891281695032994,12.641542202153525,5.75686002084057,4.252170892671066,3.4081278221604725,0.5745050364709968,1.0017367141368532,4.849253212921153,0.5745050364709968,1.0017367141368532,4.849253212921153
21.61126564673157,81.03546592489569,85075.04589707928,51.46105702364395,16.270166898470098,3.1324756606397774,1.9669680111265646,1.5222531293463144,1.204798331015299,0.030598052851182198,0.06258692628650904,1.1929763560500695,0.030598052851182198,0.06258692628650904,1.1929763560500695
21.162612925642808,81.46907574704656,84876.3596247394,213.0799166087561,68.49826268241834,16.851633078526756,6.996872828353023,4.791174426685198,3.8269631688672687,0.7974287699791522,1.6302988186240446,6.018415566365531,0.7974287699791522,1.6302988186240446,6.011466296038916
20.849321068769164,84.37669732807709,84936.78843626806,207.56986421375385,66.7879982479194,18.018834866403854,8.872536136662287,6.302671922908454,5.090232150678931,0.5046430136021218,1.2575996501850184,7.142794566944509,0.5046430136021218,1.2575996501850184,7.139290405753094
20.952491309385863,92.18655851680185,85596.09733487833,384.7995365005794,123.73001158748552,31.136732329084587,13.172653534183082,9.16106604866744,7.486674391657011,1.3108922334286457,2.8156431079394295,11.571610648327464,1.3108922334286457,2.8156431079394295,11.571494775240419
21.292564280750522,87.41695621959694,85661.71612230716,434.4068797776234,140.0055594162613,32.48471160528145,12.259555246699097,8.432592077831828,6.761987491313412,1.7497915199454912,3.3062543419912673,11.37390549121589,1.7497915199454912,3.3062543419912673,11.373766506604637
21.824469933958984,82.98818213416753,85610.14946124435,336.18074383037884,108.02780674313522,21.520333680917624,8.313521028849497,5.879388251651025,4.738616614529024,1.168995479952452,2.102294052622469,7.680083425629458,1.168995479952452,2.102294052622469,7.680048666404982
21.80055594162613,82.20569840166783,85603.43954134815,257.23453787352327,82.34364141765114,15.59277275886032,6.3895066018068105,4.657400972897846,3.718902015288395,0.7463168861853157,1.3190757473095827,5.652744958173326,0.7463168861853157,1.3190757473095827,5.652744958173326
21.491484184914842,83.4045881126173,85735.20716023636,208.5811609315259,66.72610358011818,13.363920750782064,6.059089329162322,4.418839068474105,3.5696906499826206,0.519221411535609,0.9805700369761933,5.058637471055773,0.519221411535609,0.9805700369761933,5.058637471055773
20.764337851929092,87.30031282586027,85821.43830378867,251.55092109836636,80.60479666319083,20.362530413625304,9.505039972193257,6.747653806047967,5.473757386166145,0.7740354530686797,1.6834549872844966,7.99628084696257,0.7740354530686797,1.6834549872844966,7.995828986988844
20.81821341675356,86.52172401807438,85659.21063607925,199.34063260340633,63.33576642335766,13.929092805005213,6.645464025026069,4.86339937434828,3.94577685088634,0.48713938181531646,0.9910323250835498,5.5088981648685,0.48713938181531646,0.9910323250835498,5.5088981648685
20.75720736366794,86.72733588051406,85476.49426884335,275.77700590482806,87.83501215699896,20.81868704411254,9.102813476901702,6.448072247308093,5.202848211184439,0.9214310519249748,1.849670021815116,7.927961102091281,0.9214310519249748,1.849670021815116,7.927544291758442
21.00034758428919,86.01494612443517,85475.24157108099,330.23427181091415,105.98157803267293,25.556134862704205,10.482446993395898,7.2429614181439,5.845324991310393,1.2158150843703626,2.4486270427009815,9.264893993126734,1.2158150843703626,2.4486270427009815,9.264546410163472
21.635858234885337,83.00938151494093,85552.35024322446,342.3599722029187,110.20257123002085,22.84572619874913,8.19944405837387,5.723766504517026,4.642112578179291,1.3246699081652276,2.3730020876158395,7.787699794126228,1.3246699081652276,2.3730020876158395,7.787421823578257
21.35453597497393,84.58046576294751,85534.6173096976,184.09801876955163,58.780674313521025,12.041014946124434,5.625304136253042,4.192909280500522,3.397288842544317,0.4673270769999969,0.8602711148495304,4.700590894131206,0.4673270769999969,0.8602711148495304,4.700590894131206
21.385684503127173,84.23662265462127,85650.16052814455,151.2359277275886,48.073662265462126,9.634468380820014,4.8273106323835995,3.6772063933287007,2.9527449617790134,0.2840514249783825,0.549235580381604,3.858999301871651,0.2840514249783825,0.549235580381604,3.858999301871651
21.259645464025027,84.65589155370178,85600.3823427181,221.14668057003823,70.52624261383386,14.526937782412235,6.661452902328815,4.907890163364616,3.980187695516163,0.6080987136506728,1.1336114006398617,5.707646846538167,0.6080987136506728,1.1336114006398617,5.707646846538167
21.27553856845031,83.85198054204308,85532.51216122307,154.7088255733148,49.16018068102849,9.20813064628214,4.404794996525365,3.3373870743571925,2.7195969423210564,0.341139680192734,0.6153231411732221,3.596386379147462,0.341139680192734,0.6153231411732221,3.596386379147462
21.34827945776851,84.85297184567257,85644.38755648244,227.43552311435522,72.92109836635385,13.798748696558915,5.8338547097671185,4.332985749044143,3.5154675008689606,0.7353145638516391,1.214320473481704,5.224122353180399,0.7353145638516391,1.214320473481704,5.224122353180399
21.427032661570536,85.58651841556636,85730.59068797776,149.90722724113968,47.60667129951355,9.326615705350939,4.692494788047255,3.577831827658096,2.8940236275191107,0.23335649826725047,0.479221682886828,3.67178596176409,0.23335649826725047,0.479221682886828,3.67178596176409
21.094890510948904,85.59332638164754,85766.68404588112,186.0034758428919,59.001390337156764,11.725060827250608,5.769551616266945,4.372957942301008,3.5234619395203337,0.3563086558437654,0.7085158160143442,4.744386515105231,0.3563086558437654,0.7085158160143442,4.744386515105231
21.23905489923558,84.20187630298818,85823.05559416261,259.1362056984017,82.77797081306463,15.515635858234885,6.604239054899236,4.914871438498958,3.9683808200138984,0.7952744961898098,1.35326615782342,5.982070886196674,0.794961779157659,1.3528839478229093,5.981758168501789
21.805700382342717,79.85679527285367,86013.71498088287,447.11122697254086,143.52311435523114,24.845672575599583,7.669794925269378,5.37956204379562,4.272853667014251,2.0777893637306666,3.1559958311214107,8.30403197408085,2.077094195152286,3.1544317011570904,8.30392769905928
22.22446143154969,77.56254343293953,86024.72029186935,451.9266851980542,144.95899930507298,24.79638637943016,7.226546212647672,4.966643502432245,3.9551772063933286,2.0838776927666585,3.1952744948627885,7.971438495233873,2.07953439814979,3.188464210472892,7.9703613588634346
22.290928050052138,77.57212374000696,85912.15676051442,446.24018074383036,143.48001390337157,24.159888773027458,6.370872436565867,4.453249913103928,3.562043795620438,2.247897116354057,3.303336809438821,7.494021549854566,2.2476538077494026,3.3025721237374173,7.493639207003864
21.071949947862358,82.84671532846716,85767.86583246438,271.19290928050054,86.96732707681613,17.576642335766422,7.365311087938825,5.399374348279458,4.409801876955162,0.8236357318285981,1.4926659726422198,6.570698653132521,0.8236357318285981,1.4926659726422198,6.570698653132521
21.215079916608754,83.28700486448923,85732.89471855455,267.3749131341209,85.85649756775538,16.098679638637943,6.1782487838776925,4.539263377345379,3.6146629603891594,0.9319318974386743,1.524148713318402,5.6940583761074715,0.9319318974386743,1.524148713318402,5.6940583761074715
20.886300417246176,84.30041724617524,85769.52677329624,353.63421418636995,113.57649513212796,24.165159944367176,9.658901251738525,6.872392211404729,5.559109874826148,1.3219749640818472,2.3828581357543177,8.94370653915513,1.3219749640818472,2.3828581357543177,8.943115441467981
21.500173792144594,81.54118873826903,85921.59332638164,546.8091762252346,176.1824817518248,34.826555439694125,10.48661800486618,7.087938825165103,5.674313521028849,2.801633644884023,4.486757045130702,11.27848453150313,2.801633644884023,4.486757045130702,11.276364267206478
